"","h.1","h.2","h.3","h.4","h.5","h.6","h.7","h.8","h.9","h.10","h.11","h.12","h.13","h.14","h.15","h.16","h.17","h.18","h.19","h.20","h.21","h.22","h.23","h.24","h.25","h.26","h.27","h.28","h.29","h.30","h.31","h.32","h.33","h.34","h.35","h.36","h.37","h.38","h.39","h.40","h.41","h.42","h.43","h.44","h.45","h.46","h.47","h.48","h.49","h.50","h.51","h.52","h.53","h.54","h.55","h.56","h.57","h.58","h.59","h.60","h.61","h.62","h.63","h.64","h.65","h.66","h.67","h.68","h.69","h.70","h.71","h.72","h.73","h.74","h.75","h.76","h.77","h.78","h.79","h.80","h.81","h.82","h.83","h.84","h.85","h.86","h.87","h.88","h.89","h.90","h.91","h.92","h.93","h.94","h.95","h.96"
"1",10.6012,10.6012,10.6012,10.6012,10.6012,10.6012,10.6012,10.6012,10.6012,10.6012,10.6012,10.6012,10.6012,10.6012,10.6012,10.6012,10.6012,10.6012,10.6012,10.6012,10.6012,10.6012,10.6012,10.6012,10.6012,10.6012,10.6012,10.6012,10.6012,10.6012,10.6012,10.6012,10.6012,10.6012,10.6012,30.64994,25.45327,15.83944,6.62575,6.62575,6.62575,6.62575,6.62575,6.62575,6.62575,7.665083,22.25213,19.21727,10.4453,10.4453,10.4453,10.4453,10.4453,10.4453,10.4453,10.4453,10.4453,10.4453,10.4453,10.4453,10.4453,10.4453,10.4453,10.4453,10.4453,10.4453,10.4453,10.4453,10.4453,10.4453,10.4453,10.4453,10.4453,10.4453,10.4453,13.48535,38.58525,43.8079,51.73281,75.37765,75.37765,83.69231,75.66346,84.54456,109.4158,82.24764,82.7829,88.90977,83.78065,81.02123,66.14316,13.32945,13.32945,13.32945,13.32945,13.32945
"2",10.6012,10.6012,10.6012,10.6012,10.6012,10.6012,10.6012,10.6012,10.6012,10.6012,10.6012,10.6012,10.6012,10.6012,10.6012,10.6012,10.6012,10.6012,10.6012,10.6012,10.6012,10.6012,10.6012,10.6012,10.6012,10.6012,10.6012,10.6012,10.6012,10.6012,10.6012,10.6012,10.6012,10.6012,30.64994,25.45327,15.83944,6.62575,6.62575,6.62575,6.62575,6.62575,6.62575,6.62575,7.665083,22.25213,19.21727,10.4453,10.4453,10.4453,10.4453,10.4453,10.4453,10.4453,10.4453,10.4453,10.4453,10.4453,10.4453,10.4453,10.4453,10.4453,10.4453,10.4453,10.4453,10.4453,10.4453,10.4453,10.4453,10.4453,10.4453,10.4453,10.4453,10.4453,13.48535,38.58525,43.8079,51.73281,75.37765,75.37765,83.69231,75.66346,84.54456,109.4158,82.24764,82.7829,88.90977,83.78065,81.02123,66.14316,13.32945,13.32945,13.32945,13.32945,13.32945,NA
"3",10.7571,10.7571,10.7571,10.7571,10.7571,10.7571,10.7571,10.7571,10.7571,10.7571,10.7571,10.7571,10.7571,10.7571,10.7571,10.7571,10.7571,10.7571,10.7571,10.7571,10.7571,10.7571,10.7571,10.7571,10.7571,10.7571,10.7571,10.7571,10.7571,10.7571,10.7571,10.7571,10.7571,10.7571,10.7571,15.50685,13.95825,11.0689,12.38366,14.06738,14.41555,15.53803,14.4987,14.4987,21.6649,28.56088,27.08503,26.14963,22.1378,22.1378,22.1378,25.12588,31.10205,31.63731,35.12427,34.93719,35.77905,35.77905,35.77905,27.4384,32.25571,29.04417,34.71373,35.2334,34.7605,35.7011,29.82887,9.91524,24.36197,47.44037,50.21019,57.9948,55.84338,24.73094,15.20025,15.20025,15.20025,15.20025,15.20025,15.20025,15.20025,15.20025,29.96918,68.97535,74.59814,74.59814,74.59814,84.54456,78.31376,91.24306,108.3349,85.29808,84.05608,86.94022,NA,NA
"4",10.7571,10.7571,10.7571,10.7571,10.7571,10.7571,10.7571,10.7571,10.7571,10.7571,10.7571,10.7571,10.7571,10.7571,10.7571,10.7571,10.7571,10.7571,10.7571,10.7571,10.7571,10.7571,10.7571,10.7571,10.7571,10.7571,10.7571,10.7571,10.7571,10.7571,10.7571,10.7571,10.7571,10.7571,15.50685,13.95825,11.0689,12.38366,14.06738,14.41555,15.53803,14.4987,14.4987,21.6649,28.56088,27.08503,26.14963,22.1378,22.1378,22.1378,25.12588,31.10205,31.63731,35.12427,34.93719,35.77905,35.77905,35.77905,27.4384,32.25571,29.04417,34.71373,35.2334,34.7605,35.7011,29.82887,9.91524,24.36197,47.44037,50.21019,57.9948,55.84338,24.73094,15.20025,15.20025,15.20025,15.20025,15.20025,15.20025,15.20025,15.20025,29.96918,68.97535,74.59814,74.59814,74.59814,84.54456,78.31376,91.24306,108.3349,85.29808,84.05608,86.94022,NA,NA,NA
"5",10.7571,10.7571,10.7571,10.7571,10.7571,10.7571,10.7571,10.7571,10.7571,10.7571,10.7571,10.7571,10.7571,10.7571,10.7571,10.7571,10.7571,10.7571,10.7571,10.7571,10.7571,10.7571,10.7571,10.7571,10.7571,10.7571,10.7571,10.7571,10.7571,10.7571,10.7571,10.7571,10.7571,15.50685,13.95825,11.0689,12.38366,14.06738,14.41555,15.53803,14.4987,14.4987,21.6649,28.56088,27.08503,26.14963,22.1378,22.1378,22.1378,25.12588,31.10205,31.63731,35.12427,34.93719,35.77905,35.77905,35.77905,27.4384,32.25571,29.04417,34.71373,35.2334,34.7605,35.7011,29.82887,9.91524,24.36197,47.44037,50.21019,57.9948,55.84338,24.73094,15.20025,15.20025,15.20025,15.20025,15.20025,15.20025,15.20025,15.20025,29.96918,68.97535,74.59814,74.59814,74.59814,84.54456,78.31376,91.24306,108.3349,85.29808,84.05608,86.94022,NA,NA,NA,NA
"6",10.7571,10.7571,10.7571,10.7571,10.7571,10.7571,10.7571,10.7571,10.7571,10.7571,10.7571,10.7571,10.7571,10.7571,10.7571,10.7571,10.7571,10.7571,10.7571,10.7571,10.7571,10.7571,10.7571,10.7571,10.7571,10.7571,10.7571,10.7571,10.7571,10.7571,10.7571,10.7571,15.50685,13.95825,11.0689,12.38366,14.06738,14.41555,15.53803,14.4987,14.4987,21.6649,28.56088,27.08503,26.14963,22.1378,22.1378,22.1378,25.12588,31.10205,31.63731,35.12427,34.93719,35.77905,35.77905,35.77905,27.4384,32.25571,29.04417,34.71373,35.2334,34.7605,35.7011,29.82887,9.91524,24.36197,47.44037,50.21019,57.9948,55.84338,24.73094,15.20025,15.20025,15.20025,15.20025,15.20025,15.20025,15.20025,15.20025,29.96918,68.97535,74.59814,74.59814,74.59814,84.54456,78.31376,91.24306,108.3349,85.29808,84.05608,86.94022,NA,NA,NA,NA,NA
"7",10.7571,10.7571,10.7571,10.7571,10.7571,10.7571,10.7571,10.7571,10.7571,10.7571,10.7571,10.7571,10.7571,10.7571,10.7571,10.7571,10.7571,10.7571,10.7571,10.7571,10.7571,10.7571,10.7571,10.7571,10.7571,10.7571,10.7571,10.7571,10.7571,10.7571,10.7571,15.50685,13.95825,11.0689,12.38366,14.06738,14.41555,15.53803,14.4987,14.4987,21.6649,28.56088,27.08503,26.14963,22.1378,22.1378,22.1378,25.12588,31.10205,31.63731,35.12427,34.93719,35.77905,35.77905,35.77905,27.4384,32.25571,29.04417,34.71373,35.2334,34.7605,35.7011,29.82887,9.91524,24.36197,47.44037,50.21019,57.9948,55.84338,24.73094,15.20025,15.20025,15.20025,15.20025,15.20025,15.20025,15.20025,15.20025,29.96918,68.97535,74.59814,74.59814,74.59814,84.54456,78.31376,91.24306,108.3349,85.29808,84.05608,86.94022,NA,NA,NA,NA,NA,NA
"8",10.7571,10.7571,10.7571,10.7571,10.7571,10.7571,10.7571,10.7571,10.7571,10.7571,10.7571,10.7571,10.7571,10.7571,10.7571,10.7571,10.7571,10.7571,10.7571,10.7571,10.7571,10.7571,10.7571,10.7571,10.7571,10.7571,10.7571,10.7571,10.7571,10.7571,15.50685,13.95825,11.0689,12.38366,14.06738,14.41555,15.53803,14.4987,14.4987,21.6649,28.56088,27.08503,26.14963,22.1378,22.1378,22.1378,25.12588,31.10205,31.63731,35.12427,34.93719,35.77905,35.77905,35.77905,27.4384,32.25571,29.04417,34.71373,35.2334,34.7605,35.7011,29.82887,9.91524,24.36197,47.44037,50.21019,57.9948,55.84338,24.73094,15.20025,15.20025,15.20025,15.20025,15.20025,15.20025,15.20025,15.20025,29.96918,68.97535,74.59814,74.59814,74.59814,84.54456,78.31376,91.24306,108.3349,85.29808,84.05608,86.94022,NA,NA,NA,NA,NA,NA,NA
"9",10.7571,10.7571,10.7571,10.7571,10.7571,10.7571,10.7571,10.7571,10.7571,10.7571,10.7571,10.7571,10.7571,10.7571,10.7571,10.7571,10.7571,10.7571,10.7571,10.7571,10.7571,10.7571,10.7571,10.7571,10.7571,10.7571,10.7571,10.7571,10.7571,15.50685,13.95825,11.0689,12.38366,14.06738,14.41555,15.53803,14.4987,14.4987,21.6649,28.56088,27.08503,26.14963,22.1378,22.1378,22.1378,25.12588,31.10205,31.63731,35.12427,34.93719,35.77905,35.77905,35.77905,27.4384,32.25571,29.04417,34.71373,35.2334,34.7605,35.7011,29.82887,9.91524,24.36197,47.44037,50.21019,57.9948,55.84338,24.73094,15.20025,15.20025,15.20025,15.20025,15.20025,15.20025,15.20025,15.20025,29.96918,68.97535,74.59814,74.59814,74.59814,84.54456,78.31376,91.24306,108.3349,85.29808,84.05608,86.94022,NA,NA,NA,NA,NA,NA,NA,NA
"10",10.7571,10.7571,10.7571,10.7571,10.7571,10.7571,10.7571,10.7571,10.7571,10.7571,10.7571,10.7571,10.7571,10.7571,10.7571,10.7571,10.7571,10.7571,10.7571,10.7571,10.7571,10.7571,10.7571,10.7571,10.7571,10.7571,10.7571,10.7571,15.50685,13.95825,11.0689,12.38366,14.06738,14.41555,15.53803,14.4987,14.4987,21.6649,28.56088,27.08503,26.14963,22.1378,22.1378,22.1378,25.12588,31.10205,31.63731,35.12427,34.93719,35.77905,35.77905,35.77905,27.4384,32.25571,29.04417,34.71373,35.2334,34.7605,35.7011,29.82887,9.91524,24.36197,47.44037,50.21019,57.9948,55.84338,24.73094,15.20025,15.20025,15.20025,15.20025,15.20025,15.20025,15.20025,15.20025,29.96918,68.97535,74.59814,74.59814,74.59814,84.54456,78.31376,91.24306,108.3349,85.29808,84.05608,86.94022,NA,NA,NA,NA,NA,NA,NA,NA,NA
"11",10.7571,10.7571,10.7571,10.7571,10.7571,10.7571,10.7571,10.7571,10.7571,10.7571,10.7571,10.7571,10.7571,10.7571,10.7571,10.7571,10.7571,10.7571,10.7571,10.7571,10.7571,10.7571,10.7571,10.7571,10.7571,10.7571,10.7571,15.50685,13.95825,11.0689,12.38366,14.06738,14.41555,15.53803,14.4987,14.4987,21.6649,28.56088,27.08503,26.14963,22.1378,22.1378,22.1378,25.12588,31.10205,31.63731,35.12427,34.93719,35.77905,35.77905,35.77905,27.4384,32.25571,29.04417,34.71373,35.2334,34.7605,35.7011,29.82887,9.91524,24.36197,47.44037,50.21019,57.9948,55.84338,24.73094,15.20025,15.20025,15.20025,15.20025,15.20025,15.20025,15.20025,15.20025,29.96918,68.97535,74.59814,74.59814,74.59814,84.54456,78.31376,91.24306,108.3349,85.29808,84.05608,86.94022,NA,NA,NA,NA,NA,NA,NA,NA,NA,NA
"12",10.7571,10.7571,10.7571,10.7571,10.7571,10.7571,10.7571,10.7571,10.7571,10.7571,10.7571,10.7571,10.7571,10.7571,10.7571,10.7571,10.7571,10.7571,10.7571,10.7571,10.7571,10.7571,10.7571,10.7571,10.7571,10.7571,15.50685,13.95825,11.0689,12.38366,14.06738,14.41555,15.53803,14.4987,14.4987,21.6649,28.56088,27.08503,26.14963,22.1378,22.1378,22.1378,25.12588,31.10205,31.63731,35.12427,34.93719,35.77905,35.77905,35.77905,27.4384,32.25571,29.04417,34.71373,35.2334,34.7605,35.7011,29.82887,9.91524,24.36197,47.44037,50.21019,57.9948,55.84338,24.73094,15.20025,15.20025,15.20025,15.20025,15.20025,15.20025,15.20025,15.20025,29.96918,68.97535,74.59814,74.59814,74.59814,84.54456,78.31376,91.24306,108.3349,85.29808,84.05608,86.94022,NA,NA,NA,NA,NA,NA,NA,NA,NA,NA,NA
"13",10.7571,10.7571,10.7571,10.7571,10.7571,10.7571,10.7571,10.7571,10.7571,10.7571,10.7571,10.7571,10.7571,10.7571,10.7571,10.7571,10.7571,10.7571,10.7571,10.7571,10.7571,10.7571,10.7571,10.7571,10.7571,15.50685,13.95825,11.0689,12.38366,14.06738,14.41555,15.53803,14.4987,14.4987,21.6649,28.56088,27.08503,26.14963,22.1378,22.1378,22.1378,25.12588,31.10205,31.63731,35.12427,34.93719,35.77905,35.77905,35.77905,27.4384,32.25571,29.04417,34.71373,35.2334,34.7605,35.7011,29.82887,9.91524,24.36197,47.44037,50.21019,57.9948,55.84338,24.73094,15.20025,15.20025,15.20025,15.20025,15.20025,15.20025,15.20025,15.20025,29.96918,68.97535,74.59814,74.59814,74.59814,84.54456,78.31376,91.24306,108.3349,85.29808,84.05608,86.94022,NA,NA,NA,NA,NA,NA,NA,NA,NA,NA,NA,NA
"14",10.7571,10.7571,10.7571,10.7571,10.7571,10.7571,10.7571,10.7571,10.7571,10.7571,10.7571,10.7571,10.7571,10.7571,10.7571,10.7571,10.7571,10.7571,10.7571,10.7571,10.7571,10.7571,10.7571,10.7571,15.50685,13.95825,11.0689,12.38366,14.06738,14.41555,15.53803,14.4987,14.4987,21.6649,28.56088,27.08503,26.14963,22.1378,22.1378,22.1378,25.12588,31.10205,31.63731,35.12427,34.93719,35.77905,35.77905,35.77905,27.4384,32.25571,29.04417,34.71373,35.2334,34.7605,35.7011,29.82887,9.91524,24.36197,47.44037,50.21019,57.9948,55.84338,24.73094,15.20025,15.20025,15.20025,15.20025,15.20025,15.20025,15.20025,15.20025,29.96918,68.97535,74.59814,74.59814,74.59814,84.54456,78.31376,91.24306,108.3349,85.29808,84.05608,86.94022,NA,NA,NA,NA,NA,NA,NA,NA,NA,NA,NA,NA,NA
"15",10.7571,10.7571,10.7571,10.7571,10.7571,10.7571,10.7571,10.7571,10.7571,10.7571,10.7571,10.7571,10.7571,10.7571,10.7571,10.7571,10.7571,10.7571,10.7571,10.7571,10.7571,10.7571,10.7571,15.50685,13.95825,11.0689,12.38366,14.06738,14.41555,15.53803,14.4987,14.4987,21.6649,28.56088,27.08503,26.14963,22.1378,22.1378,22.1378,25.12588,31.10205,31.63731,35.12427,34.93719,35.77905,35.77905,35.77905,27.4384,32.25571,29.04417,34.71373,35.2334,34.7605,35.7011,29.82887,9.91524,24.36197,47.44037,50.21019,57.9948,55.84338,24.73094,15.20025,15.20025,15.20025,15.20025,15.20025,15.20025,15.20025,15.20025,29.96918,68.97535,74.59814,74.59814,74.59814,84.54456,78.31376,91.24306,108.3349,85.29808,84.05608,86.94022,NA,NA,NA,NA,NA,NA,NA,NA,NA,NA,NA,NA,NA,NA
"16",10.7571,10.7571,10.7571,10.7571,10.7571,10.7571,10.7571,10.7571,10.7571,10.7571,10.7571,10.7571,10.7571,10.7571,10.7571,10.7571,10.7571,10.7571,10.7571,10.7571,10.7571,10.7571,15.50685,13.95825,11.0689,12.38366,14.06738,14.41555,15.53803,14.4987,14.4987,21.6649,28.56088,27.08503,26.14963,22.1378,22.1378,22.1378,25.12588,31.10205,31.63731,35.12427,34.93719,35.77905,35.77905,35.77905,27.4384,32.25571,29.04417,34.71373,35.2334,34.7605,35.7011,29.82887,9.91524,24.36197,47.44037,50.21019,57.9948,55.84338,24.73094,15.20025,15.20025,15.20025,15.20025,15.20025,15.20025,15.20025,15.20025,29.96918,68.97535,74.59814,74.59814,74.59814,84.54456,78.31376,91.24306,108.3349,85.29808,84.05608,86.94022,NA,NA,NA,NA,NA,NA,NA,NA,NA,NA,NA,NA,NA,NA,NA
"17",11.2248,11.2248,11.2248,11.2248,11.2248,11.2248,11.2248,11.2248,11.2248,11.2248,11.2248,11.2248,11.2248,11.2248,11.2248,11.2248,11.2248,11.2248,18.48454,36.80279,36.15841,45.86578,64.49583,66.66803,68.36214,68.54923,67.56187,70.15499,68.21144,72.88844,71.17355,70.71623,68.31017,68.48167,73.4289,66.67323,65.61311,74.61893,70.88253,64.0749,52.85529,10.913,10.913,10.913,10.913,10.913,10.913,10.913,10.913,28.6856,50.72986,23.63444,18.3962,18.3962,18.3962,18.3962,18.3962,18.3962,18.3962,24.39835,36.40265,36.40265,49.27999,68.596,68.596,81.82152,76.46894,88.52002,102.0833,80.08582,85.35526,86.39979,87.79768,79.80001,86.2075,14.6546,14.6546,14.6546,14.6546,14.6546,NA,NA,NA,NA,NA,NA,NA,NA,NA,NA,NA,NA,NA,NA,NA,NA
"18",11.2248,11.2248,11.2248,11.2248,11.2248,11.2248,11.2248,11.2248,11.2248,11.2248,11.2248,11.2248,11.2248,11.2248,11.2248,11.2248,11.2248,18.48454,36.80279,36.15841,45.86578,64.49583,66.66803,68.36214,68.54923,67.56187,70.15499,68.21144,72.88844,71.17355,70.71623,68.31017,68.48167,73.4289,66.67323,65.61311,74.61893,70.88253,64.0749,52.85529,10.913,10.913,10.913,10.913,10.913,10.913,10.913,10.913,28.6856,50.72986,23.63444,18.3962,18.3962,18.3962,18.3962,18.3962,18.3962,18.3962,24.39835,36.40265,36.40265,49.27999,68.596,68.596,81.82152,76.46894,88.52002,102.0833,80.08582,85.35526,86.39979,87.79768,79.80001,86.2075,14.6546,14.6546,14.6546,14.6546,14.6546,NA,NA,NA,NA,NA,NA,NA,NA,NA,NA,NA,NA,NA,NA,NA,NA,NA
"19",11.2248,11.2248,11.2248,11.2248,11.2248,11.2248,11.2248,11.2248,11.2248,11.2248,11.2248,11.2248,11.2248,11.2248,11.2248,11.2248,18.48454,36.80279,36.15841,45.86578,64.49583,66.66803,68.36214,68.54923,67.56187,70.15499,68.21144,72.88844,71.17355,70.71623,68.31017,68.48167,73.4289,66.67323,65.61311,74.61893,70.88253,64.0749,52.85529,10.913,10.913,10.913,10.913,10.913,10.913,10.913,10.913,28.6856,50.72986,23.63444,18.3962,18.3962,18.3962,18.3962,18.3962,18.3962,18.3962,24.39835,36.40265,36.40265,49.27999,68.596,68.596,81.82152,76.46894,88.52002,102.0833,80.08582,85.35526,86.39979,87.79768,79.80001,86.2075,14.6546,14.6546,14.6546,14.6546,14.6546,NA,NA,NA,NA,NA,NA,NA,NA,NA,NA,NA,NA,NA,NA,NA,NA,NA,NA
"20",11.2248,11.2248,11.2248,11.2248,11.2248,11.2248,11.2248,11.2248,11.2248,11.2248,11.2248,11.2248,11.2248,11.2248,11.2248,18.48454,36.80279,36.15841,45.86578,64.49583,66.66803,68.36214,68.54923,67.56187,70.15499,68.21144,72.88844,71.17355,70.71623,68.31017,68.48167,73.4289,66.67323,65.61311,74.61893,70.88253,64.0749,52.85529,10.913,10.913,10.913,10.913,10.913,10.913,10.913,10.913,28.6856,50.72986,23.63444,18.3962,18.3962,18.3962,18.3962,18.3962,18.3962,18.3962,24.39835,36.40265,36.40265,49.27999,68.596,68.596,81.82152,76.46894,88.52002,102.0833,80.08582,85.35526,86.39979,87.79768,79.80001,86.2075,14.6546,14.6546,14.6546,14.6546,14.6546,NA,NA,NA,NA,NA,NA,NA,NA,NA,NA,NA,NA,NA,NA,NA,NA,NA,NA,NA
"21",11.2248,11.2248,11.2248,11.2248,11.2248,11.2248,11.2248,11.2248,11.2248,11.2248,11.2248,11.2248,11.2248,11.2248,18.48454,36.80279,36.15841,45.86578,64.49583,66.66803,68.36214,68.54923,67.56187,70.15499,68.21144,72.88844,71.17355,70.71623,68.31017,68.48167,73.4289,66.67323,65.61311,74.61893,70.88253,64.0749,52.85529,10.913,10.913,10.913,10.913,10.913,10.913,10.913,10.913,28.6856,50.72986,23.63444,18.3962,18.3962,18.3962,18.3962,18.3962,18.3962,18.3962,24.39835,36.40265,36.40265,49.27999,68.596,68.596,81.82152,76.46894,88.52002,102.0833,80.08582,85.35526,86.39979,87.79768,79.80001,86.2075,14.6546,14.6546,14.6546,14.6546,14.6546,NA,NA,NA,NA,NA,NA,NA,NA,NA,NA,NA,NA,NA,NA,NA,NA,NA,NA,NA,NA
"22",11.2248,11.2248,11.2248,11.2248,11.2248,11.2248,11.2248,11.2248,11.2248,11.2248,11.2248,11.2248,11.2248,18.48454,36.80279,36.15841,45.86578,64.49583,66.66803,68.36214,68.54923,67.56187,70.15499,68.21144,72.88844,71.17355,70.71623,68.31017,68.48167,73.4289,66.67323,65.61311,74.61893,70.88253,64.0749,52.85529,10.913,10.913,10.913,10.913,10.913,10.913,10.913,10.913,28.6856,50.72986,23.63444,18.3962,18.3962,18.3962,18.3962,18.3962,18.3962,18.3962,24.39835,36.40265,36.40265,49.27999,68.596,68.596,81.82152,76.46894,88.52002,102.0833,80.08582,85.35526,86.39979,87.79768,79.80001,86.2075,14.6546,14.6546,14.6546,14.6546,14.6546,NA,NA,NA,NA,NA,NA,NA,NA,NA,NA,NA,NA,NA,NA,NA,NA,NA,NA,NA,NA,NA
"23",11.2248,11.2248,11.2248,11.2248,11.2248,11.2248,11.2248,11.2248,11.2248,11.2248,11.2248,11.2248,18.48454,36.80279,36.15841,45.86578,64.49583,66.66803,68.36214,68.54923,67.56187,70.15499,68.21144,72.88844,71.17355,70.71623,68.31017,68.48167,73.4289,66.67323,65.61311,74.61893,70.88253,64.0749,52.85529,10.913,10.913,10.913,10.913,10.913,10.913,10.913,10.913,28.6856,50.72986,23.63444,18.3962,18.3962,18.3962,18.3962,18.3962,18.3962,18.3962,24.39835,36.40265,36.40265,49.27999,68.596,68.596,81.82152,76.46894,88.52002,102.0833,80.08582,85.35526,86.39979,87.79768,79.80001,86.2075,14.6546,14.6546,14.6546,14.6546,14.6546,NA,NA,NA,NA,NA,NA,NA,NA,NA,NA,NA,NA,NA,NA,NA,NA,NA,NA,NA,NA,NA,NA
"24",11.2248,11.2248,11.2248,11.2248,11.2248,11.2248,11.2248,11.2248,11.2248,11.2248,11.2248,18.48454,36.80279,36.15841,45.86578,64.49583,66.66803,68.36214,68.54923,67.56187,70.15499,68.21144,72.88844,71.17355,70.71623,68.31017,68.48167,73.4289,66.67323,65.61311,74.61893,70.88253,64.0749,52.85529,10.913,10.913,10.913,10.913,10.913,10.913,10.913,10.913,28.6856,50.72986,23.63444,18.3962,18.3962,18.3962,18.3962,18.3962,18.3962,18.3962,24.39835,36.40265,36.40265,49.27999,68.596,68.596,81.82152,76.46894,88.52002,102.0833,80.08582,85.35526,86.39979,87.79768,79.80001,86.2075,14.6546,14.6546,14.6546,14.6546,14.6546,NA,NA,NA,NA,NA,NA,NA,NA,NA,NA,NA,NA,NA,NA,NA,NA,NA,NA,NA,NA,NA,NA,NA
"25",11.2248,11.2248,11.2248,11.2248,11.2248,11.2248,11.2248,11.2248,11.2248,11.2248,18.48454,36.80279,36.15841,45.86578,64.49583,66.66803,68.36214,68.54923,67.56187,70.15499,68.21144,72.88844,71.17355,70.71623,68.31017,68.48167,73.4289,66.67323,65.61311,74.61893,70.88253,64.0749,52.85529,10.913,10.913,10.913,10.913,10.913,10.913,10.913,10.913,28.6856,50.72986,23.63444,18.3962,18.3962,18.3962,18.3962,18.3962,18.3962,18.3962,24.39835,36.40265,36.40265,49.27999,68.596,68.596,81.82152,76.46894,88.52002,102.0833,80.08582,85.35526,86.39979,87.79768,79.80001,86.2075,14.6546,14.6546,14.6546,14.6546,14.6546,NA,NA,NA,NA,NA,NA,NA,NA,NA,NA,NA,NA,NA,NA,NA,NA,NA,NA,NA,NA,NA,NA,NA,NA
"26",11.2248,11.2248,11.2248,11.2248,11.2248,11.2248,11.2248,11.2248,11.2248,18.48454,36.80279,36.15841,45.86578,64.49583,66.66803,68.36214,68.54923,67.56187,70.15499,68.21144,72.88844,71.17355,70.71623,68.31017,68.48167,73.4289,66.67323,65.61311,74.61893,70.88253,64.0749,52.85529,10.913,10.913,10.913,10.913,10.913,10.913,10.913,10.913,28.6856,50.72986,23.63444,18.3962,18.3962,18.3962,18.3962,18.3962,18.3962,18.3962,24.39835,36.40265,36.40265,49.27999,68.596,68.596,81.82152,76.46894,88.52002,102.0833,80.08582,85.35526,86.39979,87.79768,79.80001,86.2075,14.6546,14.6546,14.6546,14.6546,14.6546,NA,NA,NA,NA,NA,NA,NA,NA,NA,NA,NA,NA,NA,NA,NA,NA,NA,NA,NA,NA,NA,NA,NA,NA,NA
"27",11.2248,11.2248,11.2248,11.2248,11.2248,11.2248,11.2248,11.2248,18.48454,36.80279,36.15841,45.86578,64.49583,66.66803,68.36214,68.54923,67.56187,70.15499,68.21144,72.88844,71.17355,70.71623,68.31017,68.48167,73.4289,66.67323,65.61311,74.61893,70.88253,64.0749,52.85529,10.913,10.913,10.913,10.913,10.913,10.913,10.913,10.913,28.6856,50.72986,23.63444,18.3962,18.3962,18.3962,18.3962,18.3962,18.3962,18.3962,24.39835,36.40265,36.40265,49.27999,68.596,68.596,81.82152,76.46894,88.52002,102.0833,80.08582,85.35526,86.39979,87.79768,79.80001,86.2075,14.6546,14.6546,14.6546,14.6546,14.6546,NA,NA,NA,NA,NA,NA,NA,NA,NA,NA,NA,NA,NA,NA,NA,NA,NA,NA,NA,NA,NA,NA,NA,NA,NA,NA
"28",11.2248,11.2248,11.2248,11.2248,11.2248,11.2248,11.2248,18.48454,36.80279,36.15841,45.86578,64.49583,66.66803,68.36214,68.54923,67.56187,70.15499,68.21144,72.88844,71.17355,70.71623,68.31017,68.48167,73.4289,66.67323,65.61311,74.61893,70.88253,64.0749,52.85529,10.913,10.913,10.913,10.913,10.913,10.913,10.913,10.913,28.6856,50.72986,23.63444,18.3962,18.3962,18.3962,18.3962,18.3962,18.3962,18.3962,24.39835,36.40265,36.40265,49.27999,68.596,68.596,81.82152,76.46894,88.52002,102.0833,80.08582,85.35526,86.39979,87.79768,79.80001,86.2075,14.6546,14.6546,14.6546,14.6546,14.6546,NA,NA,NA,NA,NA,NA,NA,NA,NA,NA,NA,NA,NA,NA,NA,NA,NA,NA,NA,NA,NA,NA,NA,NA,NA,NA,NA
"29",11.2248,11.2248,11.2248,11.2248,11.2248,11.2248,18.48454,36.80279,36.15841,45.86578,64.49583,66.66803,68.36214,68.54923,67.56187,70.15499,68.21144,72.88844,71.17355,70.71623,68.31017,68.48167,73.4289,66.67323,65.61311,74.61893,70.88253,64.0749,52.85529,10.913,10.913,10.913,10.913,10.913,10.913,10.913,10.913,28.6856,50.72986,23.63444,18.3962,18.3962,18.3962,18.3962,18.3962,18.3962,18.3962,24.39835,36.40265,36.40265,49.27999,68.596,68.596,81.82152,76.46894,88.52002,102.0833,80.08582,85.35526,86.39979,87.79768,79.80001,86.2075,14.6546,14.6546,14.6546,14.6546,14.6546,NA,NA,NA,NA,NA,NA,NA,NA,NA,NA,NA,NA,NA,NA,NA,NA,NA,NA,NA,NA,NA,NA,NA,NA,NA,NA,NA,NA
"30",11.2248,11.2248,11.2248,11.2248,11.2248,18.48454,36.80279,36.15841,45.86578,64.49583,66.66803,68.36214,68.54923,67.56187,70.15499,68.21144,72.88844,71.17355,70.71623,68.31017,68.48167,73.4289,66.67323,65.61311,74.61893,70.88253,64.0749,52.85529,10.913,10.913,10.913,10.913,10.913,10.913,10.913,10.913,28.6856,50.72986,23.63444,18.3962,18.3962,18.3962,18.3962,18.3962,18.3962,18.3962,24.39835,36.40265,36.40265,49.27999,68.596,68.596,81.82152,76.46894,88.52002,102.0833,80.08582,85.35526,86.39979,87.79768,79.80001,86.2075,14.6546,14.6546,14.6546,14.6546,14.6546,NA,NA,NA,NA,NA,NA,NA,NA,NA,NA,NA,NA,NA,NA,NA,NA,NA,NA,NA,NA,NA,NA,NA,NA,NA,NA,NA,NA,NA
"31",11.2248,11.2248,11.2248,11.2248,18.48454,36.80279,36.15841,45.86578,64.49583,66.66803,68.36214,68.54923,67.56187,70.15499,68.21144,72.88844,71.17355,70.71623,68.31017,68.48167,73.4289,66.67323,65.61311,74.61893,70.88253,64.0749,52.85529,10.913,10.913,10.913,10.913,10.913,10.913,10.913,10.913,28.6856,50.72986,23.63444,18.3962,18.3962,18.3962,18.3962,18.3962,18.3962,18.3962,24.39835,36.40265,36.40265,49.27999,68.596,68.596,81.82152,76.46894,88.52002,102.0833,80.08582,85.35526,86.39979,87.79768,79.80001,86.2075,14.6546,14.6546,14.6546,14.6546,14.6546,NA,NA,NA,NA,NA,NA,NA,NA,NA,NA,NA,NA,NA,NA,NA,NA,NA,NA,NA,NA,NA,NA,NA,NA,NA,NA,NA,NA,NA,NA
"32",11.2248,11.2248,11.2248,18.48454,36.80279,36.15841,45.86578,64.49583,66.66803,68.36214,68.54923,67.56187,70.15499,68.21144,72.88844,71.17355,70.71623,68.31017,68.48167,73.4289,66.67323,65.61311,74.61893,70.88253,64.0749,52.85529,10.913,10.913,10.913,10.913,10.913,10.913,10.913,10.913,28.6856,50.72986,23.63444,18.3962,18.3962,18.3962,18.3962,18.3962,18.3962,18.3962,24.39835,36.40265,36.40265,49.27999,68.596,68.596,81.82152,76.46894,88.52002,102.0833,80.08582,85.35526,86.39979,87.79768,79.80001,86.2075,14.6546,14.6546,14.6546,14.6546,14.6546,NA,NA,NA,NA,NA,NA,NA,NA,NA,NA,NA,NA,NA,NA,NA,NA,NA,NA,NA,NA,NA,NA,NA,NA,NA,NA,NA,NA,NA,NA,NA
"33",11.2248,11.2248,18.48454,36.80279,36.15841,45.86578,64.49583,66.66803,68.36214,68.54923,67.56187,70.15499,68.21144,72.88844,71.17355,70.71623,68.31017,68.48167,73.4289,66.67323,65.61311,74.61893,70.88253,64.0749,52.85529,10.913,10.913,10.913,10.913,10.913,10.913,10.913,10.913,28.6856,50.72986,23.63444,18.3962,18.3962,18.3962,18.3962,18.3962,18.3962,18.3962,24.39835,36.40265,36.40265,49.27999,68.596,68.596,81.82152,76.46894,88.52002,102.0833,80.08582,85.35526,86.39979,87.79768,79.80001,86.2075,14.6546,14.6546,14.6546,14.6546,14.6546,NA,NA,NA,NA,NA,NA,NA,NA,NA,NA,NA,NA,NA,NA,NA,NA,NA,NA,NA,NA,NA,NA,NA,NA,NA,NA,NA,NA,NA,NA,NA,NA
"34",11.2248,18.48454,36.80279,36.15841,45.86578,64.49583,66.66803,68.36214,68.54923,67.56187,70.15499,68.21144,72.88844,71.17355,70.71623,68.31017,68.48167,73.4289,66.67323,65.61311,74.61893,70.88253,64.0749,52.85529,10.913,10.913,10.913,10.913,10.913,10.913,10.913,10.913,28.6856,50.72986,23.63444,18.3962,18.3962,18.3962,18.3962,18.3962,18.3962,18.3962,24.39835,36.40265,36.40265,49.27999,68.596,68.596,81.82152,76.46894,88.52002,102.0833,80.08582,85.35526,86.39979,87.79768,79.80001,86.2075,14.6546,14.6546,14.6546,14.6546,14.6546,NA,NA,NA,NA,NA,NA,NA,NA,NA,NA,NA,NA,NA,NA,NA,NA,NA,NA,NA,NA,NA,NA,NA,NA,NA,NA,NA,NA,NA,NA,NA,NA,NA
"35",18.48454,36.80279,36.15841,45.86578,64.49583,66.66803,68.36214,68.54923,67.56187,70.15499,68.21144,72.88844,71.17355,70.71623,68.31017,68.48167,73.4289,66.67323,65.61311,74.61893,70.88253,64.0749,52.85529,10.913,10.913,10.913,10.913,10.913,10.913,10.913,10.913,28.6856,50.72986,23.63444,18.3962,18.3962,18.3962,18.3962,18.3962,18.3962,18.3962,24.39835,36.40265,36.40265,49.27999,68.596,68.596,81.82152,76.46894,88.52002,102.0833,80.08582,85.35526,86.39979,87.79768,79.80001,86.2075,14.6546,14.6546,14.6546,14.6546,14.6546,NA,NA,NA,NA,NA,NA,NA,NA,NA,NA,NA,NA,NA,NA,NA,NA,NA,NA,NA,NA,NA,NA,NA,NA,NA,NA,NA,NA,NA,NA,NA,NA,NA,NA
"36",36.80279,36.15841,45.86578,64.49583,66.66803,68.36214,68.54923,67.56187,70.15499,68.21144,72.88844,71.17355,70.71623,68.31017,68.48167,73.4289,66.67323,65.61311,74.61893,70.88253,64.0749,52.85529,10.913,10.913,10.913,10.913,10.913,10.913,10.913,10.913,28.6856,50.72986,23.63444,18.3962,18.3962,18.3962,18.3962,18.3962,18.3962,18.3962,24.39835,36.40265,36.40265,49.27999,68.596,68.596,81.82152,76.46894,88.52002,102.0833,80.08582,85.35526,86.39979,87.79768,79.80001,86.2075,14.6546,14.6546,14.6546,14.6546,14.6546,NA,NA,NA,NA,NA,NA,NA,NA,NA,NA,NA,NA,NA,NA,NA,NA,NA,NA,NA,NA,NA,NA,NA,NA,NA,NA,NA,NA,NA,NA,NA,NA,NA,NA,NA
"37",36.15841,45.86578,64.49583,66.66803,68.36214,68.54923,67.56187,70.15499,68.21144,72.88844,71.17355,70.71623,68.31017,68.48167,73.4289,66.67323,65.61311,74.61893,70.88253,64.0749,52.85529,10.913,10.913,10.913,10.913,10.913,10.913,10.913,10.913,28.6856,50.72986,23.63444,18.3962,18.3962,18.3962,18.3962,18.3962,18.3962,18.3962,24.39835,36.40265,36.40265,49.27999,68.596,68.596,81.82152,76.46894,88.52002,102.0833,80.08582,85.35526,86.39979,87.79768,79.80001,86.2075,14.6546,14.6546,14.6546,14.6546,14.6546,NA,NA,NA,NA,NA,NA,NA,NA,NA,NA,NA,NA,NA,NA,NA,NA,NA,NA,NA,NA,NA,NA,NA,NA,NA,NA,NA,NA,NA,NA,NA,NA,NA,NA,NA,NA
"38",45.86578,64.49583,66.66803,68.36214,68.54923,67.56187,70.15499,68.21144,72.88844,71.17355,70.71623,68.31017,68.48167,73.4289,66.67323,65.61311,74.61893,70.88253,64.0749,52.85529,10.913,10.913,10.913,10.913,10.913,10.913,10.913,10.913,28.6856,50.72986,23.63444,18.3962,18.3962,18.3962,18.3962,18.3962,18.3962,18.3962,24.39835,36.40265,36.40265,49.27999,68.596,68.596,81.82152,76.46894,88.52002,102.0833,80.08582,85.35526,86.39979,87.79768,79.80001,86.2075,14.6546,14.6546,14.6546,14.6546,14.6546,NA,NA,NA,NA,NA,NA,NA,NA,NA,NA,NA,NA,NA,NA,NA,NA,NA,NA,NA,NA,NA,NA,NA,NA,NA,NA,NA,NA,NA,NA,NA,NA,NA,NA,NA,NA,NA
"39",64.49583,66.66803,68.36214,68.54923,67.56187,70.15499,68.21144,72.88844,71.17355,70.71623,68.31017,68.48167,73.4289,66.67323,65.61311,74.61893,70.88253,64.0749,52.85529,10.913,10.913,10.913,10.913,10.913,10.913,10.913,10.913,28.6856,50.72986,23.63444,18.3962,18.3962,18.3962,18.3962,18.3962,18.3962,18.3962,24.39835,36.40265,36.40265,49.27999,68.596,68.596,81.82152,76.46894,88.52002,102.0833,80.08582,85.35526,86.39979,87.79768,79.80001,86.2075,14.6546,14.6546,14.6546,14.6546,14.6546,NA,NA,NA,NA,NA,NA,NA,NA,NA,NA,NA,NA,NA,NA,NA,NA,NA,NA,NA,NA,NA,NA,NA,NA,NA,NA,NA,NA,NA,NA,NA,NA,NA,NA,NA,NA,NA,NA
"40",66.66803,68.36214,68.54923,67.56187,70.15499,68.21144,72.88844,71.17355,70.71623,68.31017,68.48167,73.4289,66.67323,65.61311,74.61893,70.88253,64.0749,52.85529,10.913,10.913,10.913,10.913,10.913,10.913,10.913,10.913,28.6856,50.72986,23.63444,18.3962,18.3962,18.3962,18.3962,18.3962,18.3962,18.3962,24.39835,36.40265,36.40265,49.27999,68.596,68.596,81.82152,76.46894,88.52002,102.0833,80.08582,85.35526,86.39979,87.79768,79.80001,86.2075,14.6546,14.6546,14.6546,14.6546,14.6546,NA,NA,NA,NA,NA,NA,NA,NA,NA,NA,NA,NA,NA,NA,NA,NA,NA,NA,NA,NA,NA,NA,NA,NA,NA,NA,NA,NA,NA,NA,NA,NA,NA,NA,NA,NA,NA,NA,NA
"41",68.36214,68.54923,67.56187,70.15499,68.21144,72.88844,71.17355,70.71623,68.31017,68.48167,73.4289,66.67323,65.61311,74.61893,70.88253,64.0749,52.85529,10.913,10.913,10.913,10.913,10.913,10.913,10.913,10.913,28.6856,50.72986,23.63444,18.3962,18.3962,18.3962,18.3962,18.3962,18.3962,18.3962,24.39835,36.40265,36.40265,49.27999,68.596,68.596,81.82152,76.46894,88.52002,102.0833,80.08582,85.35526,86.39979,87.79768,79.80001,86.2075,14.6546,14.6546,14.6546,14.6546,14.6546,NA,NA,NA,NA,NA,NA,NA,NA,NA,NA,NA,NA,NA,NA,NA,NA,NA,NA,NA,NA,NA,NA,NA,NA,NA,NA,NA,NA,NA,NA,NA,NA,NA,NA,NA,NA,NA,NA,NA,NA
"42",68.54923,67.56187,70.15499,68.21144,72.88844,71.17355,70.71623,68.31017,68.48167,73.4289,66.67323,65.61311,74.61893,70.88253,64.0749,52.85529,10.913,10.913,10.913,10.913,10.913,10.913,10.913,10.913,28.6856,50.72986,23.63444,18.3962,18.3962,18.3962,18.3962,18.3962,18.3962,18.3962,24.39835,36.40265,36.40265,49.27999,68.596,68.596,81.82152,76.46894,88.52002,102.0833,80.08582,85.35526,86.39979,87.79768,79.80001,86.2075,14.6546,14.6546,14.6546,14.6546,14.6546,NA,NA,NA,NA,NA,NA,NA,NA,NA,NA,NA,NA,NA,NA,NA,NA,NA,NA,NA,NA,NA,NA,NA,NA,NA,NA,NA,NA,NA,NA,NA,NA,NA,NA,NA,NA,NA,NA,NA,NA,NA
"43",21.6701,21.6701,20.62037,18.94185,22.37165,22.37165,22.37165,22.37165,22.37165,22.37165,22.37165,29.60021,30.7123,30.7123,31.25275,25.14147,21.28555,24.39835,24.39835,32.34925,32.34925,34.6046,40.8406,40.00394,42.49834,44.7433,46.42182,48.09515,39.14649,36.22076,42.85172,35.12947,34.37595,34.37595,36.53776,42.48275,40.534,40.534,40.534,35.33733,34.9216,36.0129,40.50282,34.36036,41.85915,38.74635,20.64116,13.0956,13.0956,13.0956,13.0956,13.0956,13.0956,13.0956,NA,NA,NA,NA,NA,NA,NA,NA,NA,NA,NA,NA,NA,NA,NA,NA,NA,NA,NA,NA,NA,NA,NA,NA,NA,NA,NA,NA,NA,NA,NA,NA,NA,NA,NA,NA,NA,NA,NA,NA,NA,NA
"44",21.6701,20.62037,18.94185,22.37165,22.37165,22.37165,22.37165,22.37165,22.37165,22.37165,29.60021,30.7123,30.7123,31.25275,25.14147,21.28555,24.39835,24.39835,32.34925,32.34925,34.6046,40.8406,40.00394,42.49834,44.7433,46.42182,48.09515,39.14649,36.22076,42.85172,35.12947,34.37595,34.37595,36.53776,42.48275,40.534,40.534,40.534,35.33733,34.9216,36.0129,40.50282,34.36036,41.85915,38.74635,20.64116,13.0956,13.0956,13.0956,13.0956,13.0956,13.0956,13.0956,NA,NA,NA,NA,NA,NA,NA,NA,NA,NA,NA,NA,NA,NA,NA,NA,NA,NA,NA,NA,NA,NA,NA,NA,NA,NA,NA,NA,NA,NA,NA,NA,NA,NA,NA,NA,NA,NA,NA,NA,NA,NA,NA
"45",20.62037,18.94185,22.37165,22.37165,22.37165,22.37165,22.37165,22.37165,22.37165,29.60021,30.7123,30.7123,31.25275,25.14147,21.28555,24.39835,24.39835,32.34925,32.34925,34.6046,40.8406,40.00394,42.49834,44.7433,46.42182,48.09515,39.14649,36.22076,42.85172,35.12947,34.37595,34.37595,36.53776,42.48275,40.534,40.534,40.534,35.33733,34.9216,36.0129,40.50282,34.36036,41.85915,38.74635,20.64116,13.0956,13.0956,13.0956,13.0956,13.0956,13.0956,13.0956,NA,NA,NA,NA,NA,NA,NA,NA,NA,NA,NA,NA,NA,NA,NA,NA,NA,NA,NA,NA,NA,NA,NA,NA,NA,NA,NA,NA,NA,NA,NA,NA,NA,NA,NA,NA,NA,NA,NA,NA,NA,NA,NA,NA
"46",18.94185,22.37165,22.37165,22.37165,22.37165,22.37165,22.37165,22.37165,29.60021,30.7123,30.7123,31.25275,25.14147,21.28555,24.39835,24.39835,32.34925,32.34925,34.6046,40.8406,40.00394,42.49834,44.7433,46.42182,48.09515,39.14649,36.22076,42.85172,35.12947,34.37595,34.37595,36.53776,42.48275,40.534,40.534,40.534,35.33733,34.9216,36.0129,40.50282,34.36036,41.85915,38.74635,20.64116,13.0956,13.0956,13.0956,13.0956,13.0956,13.0956,13.0956,NA,NA,NA,NA,NA,NA,NA,NA,NA,NA,NA,NA,NA,NA,NA,NA,NA,NA,NA,NA,NA,NA,NA,NA,NA,NA,NA,NA,NA,NA,NA,NA,NA,NA,NA,NA,NA,NA,NA,NA,NA,NA,NA,NA,NA
"47",22.37165,22.37165,22.37165,22.37165,22.37165,22.37165,22.37165,29.60021,30.7123,30.7123,31.25275,25.14147,21.28555,24.39835,24.39835,32.34925,32.34925,34.6046,40.8406,40.00394,42.49834,44.7433,46.42182,48.09515,39.14649,36.22076,42.85172,35.12947,34.37595,34.37595,36.53776,42.48275,40.534,40.534,40.534,35.33733,34.9216,36.0129,40.50282,34.36036,41.85915,38.74635,20.64116,13.0956,13.0956,13.0956,13.0956,13.0956,13.0956,13.0956,NA,NA,NA,NA,NA,NA,NA,NA,NA,NA,NA,NA,NA,NA,NA,NA,NA,NA,NA,NA,NA,NA,NA,NA,NA,NA,NA,NA,NA,NA,NA,NA,NA,NA,NA,NA,NA,NA,NA,NA,NA,NA,NA,NA,NA,NA
"48",22.37165,22.37165,22.37165,22.37165,22.37165,22.37165,29.60021,30.7123,30.7123,31.25275,25.14147,21.28555,24.39835,24.39835,32.34925,32.34925,34.6046,40.8406,40.00394,42.49834,44.7433,46.42182,48.09515,39.14649,36.22076,42.85172,35.12947,34.37595,34.37595,36.53776,42.48275,40.534,40.534,40.534,35.33733,34.9216,36.0129,40.50282,34.36036,41.85915,38.74635,20.64116,13.0956,13.0956,13.0956,13.0956,13.0956,13.0956,13.0956,NA,NA,NA,NA,NA,NA,NA,NA,NA,NA,NA,NA,NA,NA,NA,NA,NA,NA,NA,NA,NA,NA,NA,NA,NA,NA,NA,NA,NA,NA,NA,NA,NA,NA,NA,NA,NA,NA,NA,NA,NA,NA,NA,NA,NA,NA,NA
"49",22.37165,22.37165,22.37165,22.37165,22.37165,29.60021,30.7123,30.7123,31.25275,25.14147,21.28555,24.39835,24.39835,32.34925,32.34925,34.6046,40.8406,40.00394,42.49834,44.7433,46.42182,48.09515,39.14649,36.22076,42.85172,35.12947,34.37595,34.37595,36.53776,42.48275,40.534,40.534,40.534,35.33733,34.9216,36.0129,40.50282,34.36036,41.85915,38.74635,20.64116,13.0956,13.0956,13.0956,13.0956,13.0956,13.0956,13.0956,NA,NA,NA,NA,NA,NA,NA,NA,NA,NA,NA,NA,NA,NA,NA,NA,NA,NA,NA,NA,NA,NA,NA,NA,NA,NA,NA,NA,NA,NA,NA,NA,NA,NA,NA,NA,NA,NA,NA,NA,NA,NA,NA,NA,NA,NA,NA,NA
"50",22.37165,22.37165,22.37165,22.37165,29.60021,30.7123,30.7123,31.25275,25.14147,21.28555,24.39835,24.39835,32.34925,32.34925,34.6046,40.8406,40.00394,42.49834,44.7433,46.42182,48.09515,39.14649,36.22076,42.85172,35.12947,34.37595,34.37595,36.53776,42.48275,40.534,40.534,40.534,35.33733,34.9216,36.0129,40.50282,34.36036,41.85915,38.74635,20.64116,13.0956,13.0956,13.0956,13.0956,13.0956,13.0956,13.0956,NA,NA,NA,NA,NA,NA,NA,NA,NA,NA,NA,NA,NA,NA,NA,NA,NA,NA,NA,NA,NA,NA,NA,NA,NA,NA,NA,NA,NA,NA,NA,NA,NA,NA,NA,NA,NA,NA,NA,NA,NA,NA,NA,NA,NA,NA,NA,NA,NA
"51",22.37165,22.37165,22.37165,29.60021,30.7123,30.7123,31.25275,25.14147,21.28555,24.39835,24.39835,32.34925,32.34925,34.6046,40.8406,40.00394,42.49834,44.7433,46.42182,48.09515,39.14649,36.22076,42.85172,35.12947,34.37595,34.37595,36.53776,42.48275,40.534,40.534,40.534,35.33733,34.9216,36.0129,40.50282,34.36036,41.85915,38.74635,20.64116,13.0956,13.0956,13.0956,13.0956,13.0956,13.0956,13.0956,NA,NA,NA,NA,NA,NA,NA,NA,NA,NA,NA,NA,NA,NA,NA,NA,NA,NA,NA,NA,NA,NA,NA,NA,NA,NA,NA,NA,NA,NA,NA,NA,NA,NA,NA,NA,NA,NA,NA,NA,NA,NA,NA,NA,NA,NA,NA,NA,NA,NA
"52",33.28465,33.28465,31.03969,27.00708,40.76785,23.87868,21.28035,21.28035,21.28035,21.28035,22.36126,29.38715,30.30176,25.70791,20.07992,20.28259,25.33375,25.33375,63.74751,92.9164,92.9164,92.9164,117.3147,116.4157,95.54589,82.09174,70.77859,81.96182,96.29942,99.6097,89.18518,87.62617,99.11602,27.19415,6.31395,6.31395,6.31395,6.31395,6.31395,6.31395,6.31395,6.31395,6.31395,6.31395,6.31395,NA,NA,NA,NA,NA,NA,NA,NA,NA,NA,NA,NA,NA,NA,NA,NA,NA,NA,NA,NA,NA,NA,NA,NA,NA,NA,NA,NA,NA,NA,NA,NA,NA,NA,NA,NA,NA,NA,NA,NA,NA,NA,NA,NA,NA,NA,NA,NA,NA,NA,NA
"53",33.28465,31.03969,27.00708,40.76785,23.87868,21.28035,21.28035,21.28035,21.28035,22.36126,29.38715,30.30176,25.70791,20.07992,20.28259,25.33375,25.33375,63.74751,92.9164,92.9164,92.9164,117.3147,116.4157,95.54589,82.09174,70.77859,81.96182,96.29942,99.6097,89.18518,87.62617,99.11602,27.19415,6.31395,6.31395,6.31395,6.31395,6.31395,6.31395,6.31395,6.31395,6.31395,6.31395,6.31395,NA,NA,NA,NA,NA,NA,NA,NA,NA,NA,NA,NA,NA,NA,NA,NA,NA,NA,NA,NA,NA,NA,NA,NA,NA,NA,NA,NA,NA,NA,NA,NA,NA,NA,NA,NA,NA,NA,NA,NA,NA,NA,NA,NA,NA,NA,NA,NA,NA,NA,NA,NA
"54",33.8251,35.99731,34.63578,33.76794,12.23295,7.795,7.795,8.444583,15.91739,9.431949,9.431949,9.431949,9.099363,76.85351,119.1076,119.1076,124.5017,141.5676,122.8024,139.7124,140.1541,101.969,52.42917,49.65415,43.41815,43.41815,43.41815,67.98799,119.0089,120.0846,66.73039,47.78335,87.86002,127.6509,129.2255,121.7995,95.46275,15.20025,11.2248,11.2248,11.2248,11.2248,11.2248,NA,NA,NA,NA,NA,NA,NA,NA,NA,NA,NA,NA,NA,NA,NA,NA,NA,NA,NA,NA,NA,NA,NA,NA,NA,NA,NA,NA,NA,NA,NA,NA,NA,NA,NA,NA,NA,NA,NA,NA,NA,NA,NA,NA,NA,NA,NA,NA,NA,NA,NA,NA,NA
"55",64.61536,72.67538,79.10365,47.50273,13.8751,13.8751,13.8751,13.8751,13.8751,20.52164,62.6666,43.42854,20.99973,11.92635,11.92635,11.92635,11.92635,11.92635,11.92635,11.92635,11.92635,11.92635,27.62028,53.39575,53.39575,53.39575,53.39575,78.36572,77.92921,84.26914,104.3958,84.53417,81.14595,88.57718,82.68416,79.87276,94.4494,11.2248,11.2248,11.2248,11.2248,11.2248,NA,NA,NA,NA,NA,NA,NA,NA,NA,NA,NA,NA,NA,NA,NA,NA,NA,NA,NA,NA,NA,NA,NA,NA,NA,NA,NA,NA,NA,NA,NA,NA,NA,NA,NA,NA,NA,NA,NA,NA,NA,NA,NA,NA,NA,NA,NA,NA,NA,NA,NA,NA,NA,NA
"56",72.67538,79.10365,47.50273,13.8751,13.8751,13.8751,13.8751,13.8751,20.52164,62.6666,43.42854,20.99973,11.92635,11.92635,11.92635,11.92635,11.92635,11.92635,11.92635,11.92635,11.92635,27.62028,53.39575,53.39575,53.39575,53.39575,78.36572,77.92921,84.26914,104.3958,84.53417,81.14595,88.57718,82.68416,79.87276,94.4494,11.2248,11.2248,11.2248,11.2248,11.2248,NA,NA,NA,NA,NA,NA,NA,NA,NA,NA,NA,NA,NA,NA,NA,NA,NA,NA,NA,NA,NA,NA,NA,NA,NA,NA,NA,NA,NA,NA,NA,NA,NA,NA,NA,NA,NA,NA,NA,NA,NA,NA,NA,NA,NA,NA,NA,NA,NA,NA,NA,NA,NA,NA,NA
"57",33.76794,12.23295,7.795,7.795,8.444583,15.91739,9.431949,9.431949,9.431949,9.099363,76.85351,119.1076,119.1076,124.5017,141.5676,122.8024,139.7124,140.1541,101.969,52.42917,49.65415,43.41815,43.41815,43.41815,67.98799,119.0089,120.0846,66.73039,47.78335,87.86002,127.6509,129.2255,121.7995,95.46275,15.20025,11.2248,11.2248,11.2248,11.2248,11.2248,NA,NA,NA,NA,NA,NA,NA,NA,NA,NA,NA,NA,NA,NA,NA,NA,NA,NA,NA,NA,NA,NA,NA,NA,NA,NA,NA,NA,NA,NA,NA,NA,NA,NA,NA,NA,NA,NA,NA,NA,NA,NA,NA,NA,NA,NA,NA,NA,NA,NA,NA,NA,NA,NA,NA,NA
"58",12.23295,7.795,7.795,8.444583,15.91739,9.431949,9.431949,9.431949,9.099363,76.85351,119.1076,119.1076,124.5017,141.5676,122.8024,139.7124,140.1541,101.969,52.42917,49.65415,43.41815,43.41815,43.41815,67.98799,119.0089,120.0846,66.73039,47.78335,87.86002,127.6509,129.2255,121.7995,95.46275,15.20025,11.2248,11.2248,11.2248,11.2248,11.2248,NA,NA,NA,NA,NA,NA,NA,NA,NA,NA,NA,NA,NA,NA,NA,NA,NA,NA,NA,NA,NA,NA,NA,NA,NA,NA,NA,NA,NA,NA,NA,NA,NA,NA,NA,NA,NA,NA,NA,NA,NA,NA,NA,NA,NA,NA,NA,NA,NA,NA,NA,NA,NA,NA,NA,NA,NA
"59",7.795,7.795,8.444583,15.91739,9.431949,9.431949,9.431949,9.099363,76.85351,119.1076,119.1076,124.5017,141.5676,122.8024,139.7124,140.1541,101.969,52.42917,49.65415,43.41815,43.41815,43.41815,67.98799,119.0089,120.0846,66.73039,47.78335,87.86002,127.6509,129.2255,121.7995,95.46275,15.20025,11.2248,11.2248,11.2248,11.2248,11.2248,NA,NA,NA,NA,NA,NA,NA,NA,NA,NA,NA,NA,NA,NA,NA,NA,NA,NA,NA,NA,NA,NA,NA,NA,NA,NA,NA,NA,NA,NA,NA,NA,NA,NA,NA,NA,NA,NA,NA,NA,NA,NA,NA,NA,NA,NA,NA,NA,NA,NA,NA,NA,NA,NA,NA,NA,NA,NA
"60",7.795,8.444583,15.91739,9.431949,9.431949,9.431949,9.099363,76.85351,119.1076,119.1076,124.5017,141.5676,122.8024,139.7124,140.1541,101.969,52.42917,49.65415,43.41815,43.41815,43.41815,67.98799,119.0089,120.0846,66.73039,47.78335,87.86002,127.6509,129.2255,121.7995,95.46275,15.20025,11.2248,11.2248,11.2248,11.2248,11.2248,NA,NA,NA,NA,NA,NA,NA,NA,NA,NA,NA,NA,NA,NA,NA,NA,NA,NA,NA,NA,NA,NA,NA,NA,NA,NA,NA,NA,NA,NA,NA,NA,NA,NA,NA,NA,NA,NA,NA,NA,NA,NA,NA,NA,NA,NA,NA,NA,NA,NA,NA,NA,NA,NA,NA,NA,NA,NA,NA
"61",8.444583,15.91739,9.431949,9.431949,9.431949,9.099363,76.85351,119.1076,119.1076,124.5017,141.5676,122.8024,139.7124,140.1541,101.969,52.42917,49.65415,43.41815,43.41815,43.41815,67.98799,119.0089,120.0846,66.73039,47.78335,87.86002,127.6509,129.2255,121.7995,95.46275,15.20025,11.2248,11.2248,11.2248,11.2248,11.2248,NA,NA,NA,NA,NA,NA,NA,NA,NA,NA,NA,NA,NA,NA,NA,NA,NA,NA,NA,NA,NA,NA,NA,NA,NA,NA,NA,NA,NA,NA,NA,NA,NA,NA,NA,NA,NA,NA,NA,NA,NA,NA,NA,NA,NA,NA,NA,NA,NA,NA,NA,NA,NA,NA,NA,NA,NA,NA,NA,NA
"62",15.91739,9.431949,9.431949,9.431949,9.099363,76.85351,119.1076,119.1076,124.5017,141.5676,122.8024,139.7124,140.1541,101.969,52.42917,49.65415,43.41815,43.41815,43.41815,67.98799,119.0089,120.0846,66.73039,47.78335,87.86002,127.6509,129.2255,121.7995,95.46275,15.20025,11.2248,11.2248,11.2248,11.2248,11.2248,NA,NA,NA,NA,NA,NA,NA,NA,NA,NA,NA,NA,NA,NA,NA,NA,NA,NA,NA,NA,NA,NA,NA,NA,NA,NA,NA,NA,NA,NA,NA,NA,NA,NA,NA,NA,NA,NA,NA,NA,NA,NA,NA,NA,NA,NA,NA,NA,NA,NA,NA,NA,NA,NA,NA,NA,NA,NA,NA,NA,NA
"63",9.431949,9.431949,9.431949,9.099363,76.85351,119.1076,119.1076,124.5017,141.5676,122.8024,139.7124,140.1541,101.969,52.42917,49.65415,43.41815,43.41815,43.41815,67.98799,119.0089,120.0846,66.73039,47.78335,87.86002,127.6509,129.2255,121.7995,95.46275,15.20025,11.2248,11.2248,11.2248,11.2248,11.2248,NA,NA,NA,NA,NA,NA,NA,NA,NA,NA,NA,NA,NA,NA,NA,NA,NA,NA,NA,NA,NA,NA,NA,NA,NA,NA,NA,NA,NA,NA,NA,NA,NA,NA,NA,NA,NA,NA,NA,NA,NA,NA,NA,NA,NA,NA,NA,NA,NA,NA,NA,NA,NA,NA,NA,NA,NA,NA,NA,NA,NA,NA
"64",9.431949,9.431949,9.099363,76.85351,119.1076,119.1076,124.5017,141.5676,122.8024,139.7124,140.1541,101.969,52.42917,49.65415,43.41815,43.41815,43.41815,67.98799,119.0089,120.0846,66.73039,47.78335,87.86002,127.6509,129.2255,121.7995,95.46275,15.20025,11.2248,11.2248,11.2248,11.2248,11.2248,NA,NA,NA,NA,NA,NA,NA,NA,NA,NA,NA,NA,NA,NA,NA,NA,NA,NA,NA,NA,NA,NA,NA,NA,NA,NA,NA,NA,NA,NA,NA,NA,NA,NA,NA,NA,NA,NA,NA,NA,NA,NA,NA,NA,NA,NA,NA,NA,NA,NA,NA,NA,NA,NA,NA,NA,NA,NA,NA,NA,NA,NA,NA
"65",9.431949,9.099363,76.85351,119.1076,119.1076,124.5017,141.5676,122.8024,139.7124,140.1541,101.969,52.42917,49.65415,43.41815,43.41815,43.41815,67.98799,119.0089,120.0846,66.73039,47.78335,87.86002,127.6509,129.2255,121.7995,95.46275,15.20025,11.2248,11.2248,11.2248,11.2248,11.2248,NA,NA,NA,NA,NA,NA,NA,NA,NA,NA,NA,NA,NA,NA,NA,NA,NA,NA,NA,NA,NA,NA,NA,NA,NA,NA,NA,NA,NA,NA,NA,NA,NA,NA,NA,NA,NA,NA,NA,NA,NA,NA,NA,NA,NA,NA,NA,NA,NA,NA,NA,NA,NA,NA,NA,NA,NA,NA,NA,NA,NA,NA,NA,NA
"66",9.099363,76.85351,119.1076,119.1076,124.5017,141.5676,122.8024,139.7124,140.1541,101.969,52.42917,49.65415,43.41815,43.41815,43.41815,67.98799,119.0089,120.0846,66.73039,47.78335,87.86002,127.6509,129.2255,121.7995,95.46275,15.20025,11.2248,11.2248,11.2248,11.2248,11.2248,NA,NA,NA,NA,NA,NA,NA,NA,NA,NA,NA,NA,NA,NA,NA,NA,NA,NA,NA,NA,NA,NA,NA,NA,NA,NA,NA,NA,NA,NA,NA,NA,NA,NA,NA,NA,NA,NA,NA,NA,NA,NA,NA,NA,NA,NA,NA,NA,NA,NA,NA,NA,NA,NA,NA,NA,NA,NA,NA,NA,NA,NA,NA,NA,NA
"67",76.85351,119.1076,119.1076,124.5017,141.5676,122.8024,139.7124,140.1541,101.969,52.42917,49.65415,43.41815,43.41815,43.41815,67.98799,119.0089,120.0846,66.73039,47.78335,87.86002,127.6509,129.2255,121.7995,95.46275,15.20025,11.2248,11.2248,11.2248,11.2248,11.2248,NA,NA,NA,NA,NA,NA,NA,NA,NA,NA,NA,NA,NA,NA,NA,NA,NA,NA,NA,NA,NA,NA,NA,NA,NA,NA,NA,NA,NA,NA,NA,NA,NA,NA,NA,NA,NA,NA,NA,NA,NA,NA,NA,NA,NA,NA,NA,NA,NA,NA,NA,NA,NA,NA,NA,NA,NA,NA,NA,NA,NA,NA,NA,NA,NA,NA
"68",25.33375,25.33375,63.74751,92.9164,92.9164,92.9164,117.3147,116.4157,95.54589,82.09174,70.77859,81.96182,96.29942,99.6097,89.18518,87.62617,99.11602,27.19415,6.31395,6.31395,6.31395,6.31395,6.31395,6.31395,6.31395,6.31395,6.31395,6.31395,6.31395,NA,NA,NA,NA,NA,NA,NA,NA,NA,NA,NA,NA,NA,NA,NA,NA,NA,NA,NA,NA,NA,NA,NA,NA,NA,NA,NA,NA,NA,NA,NA,NA,NA,NA,NA,NA,NA,NA,NA,NA,NA,NA,NA,NA,NA,NA,NA,NA,NA,NA,NA,NA,NA,NA,NA,NA,NA,NA,NA,NA,NA,NA,NA,NA,NA,NA,NA
"69",25.33375,63.74751,92.9164,92.9164,92.9164,117.3147,116.4157,95.54589,82.09174,70.77859,81.96182,96.29942,99.6097,89.18518,87.62617,99.11602,27.19415,6.31395,6.31395,6.31395,6.31395,6.31395,6.31395,6.31395,6.31395,6.31395,6.31395,6.31395,NA,NA,NA,NA,NA,NA,NA,NA,NA,NA,NA,NA,NA,NA,NA,NA,NA,NA,NA,NA,NA,NA,NA,NA,NA,NA,NA,NA,NA,NA,NA,NA,NA,NA,NA,NA,NA,NA,NA,NA,NA,NA,NA,NA,NA,NA,NA,NA,NA,NA,NA,NA,NA,NA,NA,NA,NA,NA,NA,NA,NA,NA,NA,NA,NA,NA,NA,NA
"70",63.74751,92.9164,92.9164,92.9164,117.3147,116.4157,95.54589,82.09174,70.77859,81.96182,96.29942,99.6097,89.18518,87.62617,99.11602,27.19415,6.31395,6.31395,6.31395,6.31395,6.31395,6.31395,6.31395,6.31395,6.31395,6.31395,6.31395,NA,NA,NA,NA,NA,NA,NA,NA,NA,NA,NA,NA,NA,NA,NA,NA,NA,NA,NA,NA,NA,NA,NA,NA,NA,NA,NA,NA,NA,NA,NA,NA,NA,NA,NA,NA,NA,NA,NA,NA,NA,NA,NA,NA,NA,NA,NA,NA,NA,NA,NA,NA,NA,NA,NA,NA,NA,NA,NA,NA,NA,NA,NA,NA,NA,NA,NA,NA,NA
"71",92.9164,92.9164,92.9164,117.3147,116.4157,95.54589,82.09174,70.77859,81.96182,96.29942,99.6097,89.18518,87.62617,99.11602,27.19415,6.31395,6.31395,6.31395,6.31395,6.31395,6.31395,6.31395,6.31395,6.31395,6.31395,6.31395,NA,NA,NA,NA,NA,NA,NA,NA,NA,NA,NA,NA,NA,NA,NA,NA,NA,NA,NA,NA,NA,NA,NA,NA,NA,NA,NA,NA,NA,NA,NA,NA,NA,NA,NA,NA,NA,NA,NA,NA,NA,NA,NA,NA,NA,NA,NA,NA,NA,NA,NA,NA,NA,NA,NA,NA,NA,NA,NA,NA,NA,NA,NA,NA,NA,NA,NA,NA,NA,NA
"72",6.5478,10.39333,25.07911,19.36278,18.36502,17.85055,17.85055,17.85055,17.85055,17.85055,17.85055,17.85055,17.85055,71.53211,83.92616,77.48229,77.48229,99.14719,107.6645,94.95868,89.80879,78.96335,80.86533,99.78639,97.97276,NA,NA,NA,NA,NA,NA,NA,NA,NA,NA,NA,NA,NA,NA,NA,NA,NA,NA,NA,NA,NA,NA,NA,NA,NA,NA,NA,NA,NA,NA,NA,NA,NA,NA,NA,NA,NA,NA,NA,NA,NA,NA,NA,NA,NA,NA,NA,NA,NA,NA,NA,NA,NA,NA,NA,NA,NA,NA,NA,NA,NA,NA,NA,NA,NA,NA,NA,NA,NA,NA,NA
"73",11.92635,11.92635,11.92635,11.92635,27.62028,53.39575,53.39575,53.39575,53.39575,78.36572,77.92921,84.26914,104.3958,84.53417,81.14595,88.57718,82.68416,79.87276,94.4494,11.2248,11.2248,11.2248,11.2248,11.2248,NA,NA,NA,NA,NA,NA,NA,NA,NA,NA,NA,NA,NA,NA,NA,NA,NA,NA,NA,NA,NA,NA,NA,NA,NA,NA,NA,NA,NA,NA,NA,NA,NA,NA,NA,NA,NA,NA,NA,NA,NA,NA,NA,NA,NA,NA,NA,NA,NA,NA,NA,NA,NA,NA,NA,NA,NA,NA,NA,NA,NA,NA,NA,NA,NA,NA,NA,NA,NA,NA,NA,NA
"74",11.92635,11.92635,11.92635,27.62028,53.39575,53.39575,53.39575,53.39575,78.36572,77.92921,84.26914,104.3958,84.53417,81.14595,88.57718,82.68416,79.87276,94.4494,11.2248,11.2248,11.2248,11.2248,11.2248,NA,NA,NA,NA,NA,NA,NA,NA,NA,NA,NA,NA,NA,NA,NA,NA,NA,NA,NA,NA,NA,NA,NA,NA,NA,NA,NA,NA,NA,NA,NA,NA,NA,NA,NA,NA,NA,NA,NA,NA,NA,NA,NA,NA,NA,NA,NA,NA,NA,NA,NA,NA,NA,NA,NA,NA,NA,NA,NA,NA,NA,NA,NA,NA,NA,NA,NA,NA,NA,NA,NA,NA,NA
"75",11.92635,11.92635,27.62028,53.39575,53.39575,53.39575,53.39575,78.36572,77.92921,84.26914,104.3958,84.53417,81.14595,88.57718,82.68416,79.87276,94.4494,11.2248,11.2248,11.2248,11.2248,11.2248,NA,NA,NA,NA,NA,NA,NA,NA,NA,NA,NA,NA,NA,NA,NA,NA,NA,NA,NA,NA,NA,NA,NA,NA,NA,NA,NA,NA,NA,NA,NA,NA,NA,NA,NA,NA,NA,NA,NA,NA,NA,NA,NA,NA,NA,NA,NA,NA,NA,NA,NA,NA,NA,NA,NA,NA,NA,NA,NA,NA,NA,NA,NA,NA,NA,NA,NA,NA,NA,NA,NA,NA,NA,NA
"76",11.92635,27.62028,53.39575,53.39575,53.39575,53.39575,78.36572,77.92921,84.26914,104.3958,84.53417,81.14595,88.57718,82.68416,79.87276,94.4494,11.2248,11.2248,11.2248,11.2248,11.2248,NA,NA,NA,NA,NA,NA,NA,NA,NA,NA,NA,NA,NA,NA,NA,NA,NA,NA,NA,NA,NA,NA,NA,NA,NA,NA,NA,NA,NA,NA,NA,NA,NA,NA,NA,NA,NA,NA,NA,NA,NA,NA,NA,NA,NA,NA,NA,NA,NA,NA,NA,NA,NA,NA,NA,NA,NA,NA,NA,NA,NA,NA,NA,NA,NA,NA,NA,NA,NA,NA,NA,NA,NA,NA,NA
"77",30.63435,30.63435,30.63435,30.63435,30.63435,35.42048,46.07365,36.86515,34.7657,34.7657,34.7657,34.7657,31.59573,10.77789,6.236,6.236,6.236,6.236,6.236,6.236,NA,NA,NA,NA,NA,NA,NA,NA,NA,NA,NA,NA,NA,NA,NA,NA,NA,NA,NA,NA,NA,NA,NA,NA,NA,NA,NA,NA,NA,NA,NA,NA,NA,NA,NA,NA,NA,NA,NA,NA,NA,NA,NA,NA,NA,NA,NA,NA,NA,NA,NA,NA,NA,NA,NA,NA,NA,NA,NA,NA,NA,NA,NA,NA,NA,NA,NA,NA,NA,NA,NA,NA,NA,NA,NA,NA
"78",11.0689,11.0689,11.0689,11.0689,11.59376,26.73685,31.77242,28.95063,30.75907,29.69895,29.69895,21.38948,12.99167,9.431949,9.431949,9.431949,9.431949,9.431949,9.431949,NA,NA,NA,NA,NA,NA,NA,NA,NA,NA,NA,NA,NA,NA,NA,NA,NA,NA,NA,NA,NA,NA,NA,NA,NA,NA,NA,NA,NA,NA,NA,NA,NA,NA,NA,NA,NA,NA,NA,NA,NA,NA,NA,NA,NA,NA,NA,NA,NA,NA,NA,NA,NA,NA,NA,NA,NA,NA,NA,NA,NA,NA,NA,NA,NA,NA,NA,NA,NA,NA,NA,NA,NA,NA,NA,NA,NA
"79",12.7838,12.7838,12.7838,12.7838,12.7838,12.7838,12.7838,12.7838,12.7838,12.7838,12.7838,12.7838,12.7838,12.7838,12.7838,7.010303,4.91085,4.91085,NA,NA,NA,NA,NA,NA,NA,NA,NA,NA,NA,NA,NA,NA,NA,NA,NA,NA,NA,NA,NA,NA,NA,NA,NA,NA,NA,NA,NA,NA,NA,NA,NA,NA,NA,NA,NA,NA,NA,NA,NA,NA,NA,NA,NA,NA,NA,NA,NA,NA,NA,NA,NA,NA,NA,NA,NA,NA,NA,NA,NA,NA,NA,NA,NA,NA,NA,NA,NA,NA,NA,NA,NA,NA,NA,NA,NA,NA
"80",12.7838,12.7838,12.7838,12.7838,12.7838,12.7838,12.7838,12.7838,12.7838,12.7838,12.7838,12.7838,12.7838,12.7838,7.010303,4.91085,4.91085,NA,NA,NA,NA,NA,NA,NA,NA,NA,NA,NA,NA,NA,NA,NA,NA,NA,NA,NA,NA,NA,NA,NA,NA,NA,NA,NA,NA,NA,NA,NA,NA,NA,NA,NA,NA,NA,NA,NA,NA,NA,NA,NA,NA,NA,NA,NA,NA,NA,NA,NA,NA,NA,NA,NA,NA,NA,NA,NA,NA,NA,NA,NA,NA,NA,NA,NA,NA,NA,NA,NA,NA,NA,NA,NA,NA,NA,NA,NA
"81",12.7838,12.7838,12.7838,12.7838,12.7838,12.7838,12.7838,12.7838,12.7838,12.7838,12.7838,12.7838,12.7838,7.010303,4.91085,4.91085,NA,NA,NA,NA,NA,NA,NA,NA,NA,NA,NA,NA,NA,NA,NA,NA,NA,NA,NA,NA,NA,NA,NA,NA,NA,NA,NA,NA,NA,NA,NA,NA,NA,NA,NA,NA,NA,NA,NA,NA,NA,NA,NA,NA,NA,NA,NA,NA,NA,NA,NA,NA,NA,NA,NA,NA,NA,NA,NA,NA,NA,NA,NA,NA,NA,NA,NA,NA,NA,NA,NA,NA,NA,NA,NA,NA,NA,NA,NA,NA
"82",78.36572,77.92921,84.26914,104.3958,84.53417,81.14595,88.57718,82.68416,79.87276,94.4494,11.2248,11.2248,11.2248,11.2248,11.2248,NA,NA,NA,NA,NA,NA,NA,NA,NA,NA,NA,NA,NA,NA,NA,NA,NA,NA,NA,NA,NA,NA,NA,NA,NA,NA,NA,NA,NA,NA,NA,NA,NA,NA,NA,NA,NA,NA,NA,NA,NA,NA,NA,NA,NA,NA,NA,NA,NA,NA,NA,NA,NA,NA,NA,NA,NA,NA,NA,NA,NA,NA,NA,NA,NA,NA,NA,NA,NA,NA,NA,NA,NA,NA,NA,NA,NA,NA,NA,NA,NA
"83",77.92921,84.26914,104.3958,84.53417,81.14595,88.57718,82.68416,79.87276,94.4494,11.2248,11.2248,11.2248,11.2248,11.2248,NA,NA,NA,NA,NA,NA,NA,NA,NA,NA,NA,NA,NA,NA,NA,NA,NA,NA,NA,NA,NA,NA,NA,NA,NA,NA,NA,NA,NA,NA,NA,NA,NA,NA,NA,NA,NA,NA,NA,NA,NA,NA,NA,NA,NA,NA,NA,NA,NA,NA,NA,NA,NA,NA,NA,NA,NA,NA,NA,NA,NA,NA,NA,NA,NA,NA,NA,NA,NA,NA,NA,NA,NA,NA,NA,NA,NA,NA,NA,NA,NA,NA
"84",84.26914,104.3958,84.53417,81.14595,88.57718,82.68416,79.87276,94.4494,11.2248,11.2248,11.2248,11.2248,11.2248,NA,NA,NA,NA,NA,NA,NA,NA,NA,NA,NA,NA,NA,NA,NA,NA,NA,NA,NA,NA,NA,NA,NA,NA,NA,NA,NA,NA,NA,NA,NA,NA,NA,NA,NA,NA,NA,NA,NA,NA,NA,NA,NA,NA,NA,NA,NA,NA,NA,NA,NA,NA,NA,NA,NA,NA,NA,NA,NA,NA,NA,NA,NA,NA,NA,NA,NA,NA,NA,NA,NA,NA,NA,NA,NA,NA,NA,NA,NA,NA,NA,NA,NA
"85",104.3958,84.53417,81.14595,88.57718,82.68416,79.87276,94.4494,11.2248,11.2248,11.2248,11.2248,11.2248,NA,NA,NA,NA,NA,NA,NA,NA,NA,NA,NA,NA,NA,NA,NA,NA,NA,NA,NA,NA,NA,NA,NA,NA,NA,NA,NA,NA,NA,NA,NA,NA,NA,NA,NA,NA,NA,NA,NA,NA,NA,NA,NA,NA,NA,NA,NA,NA,NA,NA,NA,NA,NA,NA,NA,NA,NA,NA,NA,NA,NA,NA,NA,NA,NA,NA,NA,NA,NA,NA,NA,NA,NA,NA,NA,NA,NA,NA,NA,NA,NA,NA,NA,NA
"86",84.53417,81.14595,88.57718,82.68416,79.87276,94.4494,11.2248,11.2248,11.2248,11.2248,11.2248,NA,NA,NA,NA,NA,NA,NA,NA,NA,NA,NA,NA,NA,NA,NA,NA,NA,NA,NA,NA,NA,NA,NA,NA,NA,NA,NA,NA,NA,NA,NA,NA,NA,NA,NA,NA,NA,NA,NA,NA,NA,NA,NA,NA,NA,NA,NA,NA,NA,NA,NA,NA,NA,NA,NA,NA,NA,NA,NA,NA,NA,NA,NA,NA,NA,NA,NA,NA,NA,NA,NA,NA,NA,NA,NA,NA,NA,NA,NA,NA,NA,NA,NA,NA,NA
"87",81.14595,88.57718,82.68416,79.87276,94.4494,11.2248,11.2248,11.2248,11.2248,11.2248,NA,NA,NA,NA,NA,NA,NA,NA,NA,NA,NA,NA,NA,NA,NA,NA,NA,NA,NA,NA,NA,NA,NA,NA,NA,NA,NA,NA,NA,NA,NA,NA,NA,NA,NA,NA,NA,NA,NA,NA,NA,NA,NA,NA,NA,NA,NA,NA,NA,NA,NA,NA,NA,NA,NA,NA,NA,NA,NA,NA,NA,NA,NA,NA,NA,NA,NA,NA,NA,NA,NA,NA,NA,NA,NA,NA,NA,NA,NA,NA,NA,NA,NA,NA,NA,NA
"88",88.57718,82.68416,79.87276,94.4494,11.2248,11.2248,11.2248,11.2248,11.2248,NA,NA,NA,NA,NA,NA,NA,NA,NA,NA,NA,NA,NA,NA,NA,NA,NA,NA,NA,NA,NA,NA,NA,NA,NA,NA,NA,NA,NA,NA,NA,NA,NA,NA,NA,NA,NA,NA,NA,NA,NA,NA,NA,NA,NA,NA,NA,NA,NA,NA,NA,NA,NA,NA,NA,NA,NA,NA,NA,NA,NA,NA,NA,NA,NA,NA,NA,NA,NA,NA,NA,NA,NA,NA,NA,NA,NA,NA,NA,NA,NA,NA,NA,NA,NA,NA,NA
"89",82.68416,79.87276,94.4494,11.2248,11.2248,11.2248,11.2248,11.2248,NA,NA,NA,NA,NA,NA,NA,NA,NA,NA,NA,NA,NA,NA,NA,NA,NA,NA,NA,NA,NA,NA,NA,NA,NA,NA,NA,NA,NA,NA,NA,NA,NA,NA,NA,NA,NA,NA,NA,NA,NA,NA,NA,NA,NA,NA,NA,NA,NA,NA,NA,NA,NA,NA,NA,NA,NA,NA,NA,NA,NA,NA,NA,NA,NA,NA,NA,NA,NA,NA,NA,NA,NA,NA,NA,NA,NA,NA,NA,NA,NA,NA,NA,NA,NA,NA,NA,NA
"90",86.97141,84.13403,88.08868,19.88245,17.6167,14.68058,8.80835,NA,NA,NA,NA,NA,NA,NA,NA,NA,NA,NA,NA,NA,NA,NA,NA,NA,NA,NA,NA,NA,NA,NA,NA,NA,NA,NA,NA,NA,NA,NA,NA,NA,NA,NA,NA,NA,NA,NA,NA,NA,NA,NA,NA,NA,NA,NA,NA,NA,NA,NA,NA,NA,NA,NA,NA,NA,NA,NA,NA,NA,NA,NA,NA,NA,NA,NA,NA,NA,NA,NA,NA,NA,NA,NA,NA,NA,NA,NA,NA,NA,NA,NA,NA,NA,NA,NA,NA,NA
"91",88.08868,19.88245,17.6167,14.68058,8.80835,8.80835,NA,NA,NA,NA,NA,NA,NA,NA,NA,NA,NA,NA,NA,NA,NA,NA,NA,NA,NA,NA,NA,NA,NA,NA,NA,NA,NA,NA,NA,NA,NA,NA,NA,NA,NA,NA,NA,NA,NA,NA,NA,NA,NA,NA,NA,NA,NA,NA,NA,NA,NA,NA,NA,NA,NA,NA,NA,NA,NA,NA,NA,NA,NA,NA,NA,NA,NA,NA,NA,NA,NA,NA,NA,NA,NA,NA,NA,NA,NA,NA,NA,NA,NA,NA,NA,NA,NA,NA,NA,NA
"92",19.88245,17.6167,14.68058,8.80835,8.80835,NA,NA,NA,NA,NA,NA,NA,NA,NA,NA,NA,NA,NA,NA,NA,NA,NA,NA,NA,NA,NA,NA,NA,NA,NA,NA,NA,NA,NA,NA,NA,NA,NA,NA,NA,NA,NA,NA,NA,NA,NA,NA,NA,NA,NA,NA,NA,NA,NA,NA,NA,NA,NA,NA,NA,NA,NA,NA,NA,NA,NA,NA,NA,NA,NA,NA,NA,NA,NA,NA,NA,NA,NA,NA,NA,NA,NA,NA,NA,NA,NA,NA,NA,NA,NA,NA,NA,NA,NA,NA,NA
"93",17.6167,14.68058,8.80835,8.80835,NA,NA,NA,NA,NA,NA,NA,NA,NA,NA,NA,NA,NA,NA,NA,NA,NA,NA,NA,NA,NA,NA,NA,NA,NA,NA,NA,NA,NA,NA,NA,NA,NA,NA,NA,NA,NA,NA,NA,NA,NA,NA,NA,NA,NA,NA,NA,NA,NA,NA,NA,NA,NA,NA,NA,NA,NA,NA,NA,NA,NA,NA,NA,NA,NA,NA,NA,NA,NA,NA,NA,NA,NA,NA,NA,NA,NA,NA,NA,NA,NA,NA,NA,NA,NA,NA,NA,NA,NA,NA,NA,NA
"94",14.68058,8.80835,8.80835,NA,NA,NA,NA,NA,NA,NA,NA,NA,NA,NA,NA,NA,NA,NA,NA,NA,NA,NA,NA,NA,NA,NA,NA,NA,NA,NA,NA,NA,NA,NA,NA,NA,NA,NA,NA,NA,NA,NA,NA,NA,NA,NA,NA,NA,NA,NA,NA,NA,NA,NA,NA,NA,NA,NA,NA,NA,NA,NA,NA,NA,NA,NA,NA,NA,NA,NA,NA,NA,NA,NA,NA,NA,NA,NA,NA,NA,NA,NA,NA,NA,NA,NA,NA,NA,NA,NA,NA,NA,NA,NA,NA,NA
"95",8.80835,8.80835,NA,NA,NA,NA,NA,NA,NA,NA,NA,NA,NA,NA,NA,NA,NA,NA,NA,NA,NA,NA,NA,NA,NA,NA,NA,NA,NA,NA,NA,NA,NA,NA,NA,NA,NA,NA,NA,NA,NA,NA,NA,NA,NA,NA,NA,NA,NA,NA,NA,NA,NA,NA,NA,NA,NA,NA,NA,NA,NA,NA,NA,NA,NA,NA,NA,NA,NA,NA,NA,NA,NA,NA,NA,NA,NA,NA,NA,NA,NA,NA,NA,NA,NA,NA,NA,NA,NA,NA,NA,NA,NA,NA,NA,NA
"96",8.80835,NA,NA,NA,NA,NA,NA,NA,NA,NA,NA,NA,NA,NA,NA,NA,NA,NA,NA,NA,NA,NA,NA,NA,NA,NA,NA,NA,NA,NA,NA,NA,NA,NA,NA,NA,NA,NA,NA,NA,NA,NA,NA,NA,NA,NA,NA,NA,NA,NA,NA,NA,NA,NA,NA,NA,NA,NA,NA,NA,NA,NA,NA,NA,NA,NA,NA,NA,NA,NA,NA,NA,NA,NA,NA,NA,NA,NA,NA,NA,NA,NA,NA,NA,NA,NA,NA,NA,NA,NA,NA,NA,NA,NA,NA,NA
